Ciências da Vida;Ciências Agrárias;Ciências Agrárias I
Ciências da Vida;Ciências Agrárias;Ciência de Alimentos
Ciências da Vida;Ciências Agrárias;Medicina Veterinária – Memória de Documentos
Ciências da Vida;Ciências Agrárias;Medicina Veterinária
Ciências da Vida;Ciências Agrárias;Zootecnia/Recursos Pesqueiros
Ciências da Vida;Ciências Agrárias;Ciência de Alimentos – Memória de documentos
Ciências da Vida;Ciências Biológicas;Biodiversidade
Ciências da Vida;Ciências Biológicas;Ciências Biológicas I
Ciências da Vida;Ciências Biológicas;Ciências Biológicas II
Ciências da Vida;Ciências Biológicas;Ciências Biológicas III
Ciências da Vida;Ciências Biológicas;Biodiversidade – Memória da área
Ciências da Vida;Ciências Biológicas;Ciências Biológicas I – Memória da área
Ciências da Vida;Ciências Biológicas;Ciências Biológicas II – Memória da área
Ciências da Vida;Ciências Biológicas;Ciências Biológicas III – Memória da área
Ciências da Vida;Ciências da Saúde;Educação Física
Ciências da Vida;Ciências da Saúde;Enfermagem
Ciências da Vida;Ciências da Saúde;Farmácia
Ciências da Vida;Ciências da Saúde;Medicina I
Ciências da Vida;Ciências da Saúde;Medicina II
Ciências da Vida;Ciências da Saúde;Medicina III
Ciências da Vida;Ciências da Saúde;Nutrição
Ciências da Vida;Ciências da Saúde;Odontologia
Ciências da Vida;Ciências da Saúde;Saúde Coletiva
Ciências da Vida;Ciências da Saúde;Educação Física – Memória da área
Ciências da Vida;Ciências da Saúde;Enfermagem – Memória da área
Ciências da Vida;Ciências da Saúde;Farmácia – Memória da área
Ciências da Vida;Ciências da Saúde;Medicina I – Memória da área
Ciências da Vida;Ciências da Saúde;Medicina II – Memória da área
Ciências da Vida;Ciências da Saúde;Medicina III – Memória da área
Ciências da Vida;Ciências da Saúde;Odontologia – Memória da área
Ciências da Vida;Ciências da Saúde;Saúde Coletiva – Memória da área
Humanidades;Ciências Humanas;Antropologia/Arqueologia
Humanidades;Ciências Humanas;Ciência Política e Relações Internacionais
Humanidades;Ciências Humanas;Ciências da Religião e Teologia
Humanidades;Ciências Humanas;Educação
Humanidades;Ciências Humanas;Filosofia
Humanidades;Ciências Humanas;Geografia
Humanidades;Ciências Humanas;História
Humanidades;Ciências Humanas;Psicologia
Humanidades;Ciências Humanas;Sociologia
Humanidades;Ciências Humanas;Antropologia/Arqueologia – Memória da área
Humanidades;Ciências Humanas;Ciência Política e Relações Internacionais – Memória da área
Humanidades;Ciências Humanas;Ciências da Religião e Teologia – Memória da área
Humanidades;Ciências Humanas;Educação – Memória da área
Humanidades;Ciências Humanas;Filosofia – Memória da área
Humanidades;Ciências Humanas;Geografia – Memória da área
Humanidades;Ciências Humanas;História – Memória da área
Humanidades;Ciências Humanas;Psicologia – Memória da área
Humanidades;Ciências Humanas;Sociologia – Memória da área
Humanidades;Ciências Sociais Aplicadas;Administração Pública e de Empresas, Ciências Contábeis e Turismo
Humanidades;Ciências Sociais Aplicadas;Arquitetura, Urbanismo e Design
Humanidades;Ciências Sociais Aplicadas;Comunicação e Informação
Humanidades;Ciências Sociais Aplicadas;Direito
Humanidades;Ciências Sociais Aplicadas;Economia
Humanidades;Ciências Sociais Aplicadas;Planejamento Urbano e Regional/Demografia
Humanidades;Ciências Sociais Aplicadas;Serviço Social
Humanidades;Ciências Sociais Aplicadas;Administração Pública e de Empresas, Ciências Contábeis e Turismo - Memória da área
Humanidades;Ciências Sociais Aplicadas;Comunicação e Informação - Memória da área
Humanidades;Ciências Sociais Aplicadas;Direito - Memória da área 
Humanidades;Ciências Sociais Aplicadas;Economia - Memória da área
Humanidades;Ciências Sociais Aplicadas;Planejamento Urbano e Reginal/Demografia - Memória da Área
Humanidades;Ciências Sociais Aplicadas;Serviço Social - Memória da área
Humanidades;Linguística, Letras e Artes;Artes
Humanidades;Linguística, Letras e Artes;Linguística e Literatura
Humanidades;Linguística, Letras e Artes;Artes - Memória de documentos
Humanidades;Linguística, Letras e Artes;Linguística e Literatura - Memória da área
Ciências Físicas, Tecnológicas e Multidisciplinares;Ciências Exatas e da Terra;Astronomia/Física
Ciências Físicas, Tecnológicas e Multidisciplinares;Ciências Exatas e da Terra;Ciência da Computação
Ciências Físicas, Tecnológicas e Multidisciplinares;Ciências Exatas e da Terra;Geociências
Ciências Físicas, Tecnológicas e Multidisciplinares;Ciências Exatas e da Terra;Matemática/Probabilidade e Estatística
Ciências Físicas, Tecnológicas e Multidisciplinares;Ciências Exatas e da Terra;Química
Ciências Físicas, Tecnológicas e Multidisciplinares;Ciências Exatas e da Terra;Astronomia/Física - Memória da área
Ciências Físicas, Tecnológicas e Multidisciplinares;Ciências Exatas e da Terra;Ciência da Computação - Memória da área
Ciências Físicas, Tecnológicas e Multidisciplinares;Ciências Exatas e da Terra;Geociências - Memória da área 
Ciências Físicas, Tecnológicas e Multidisciplinares;Ciências Exatas e da Terra;Matemática/Probabilidade e Estatística - Memória da área
Ciências Físicas, Tecnológicas e Multidisciplinares;Ciências Exatas e da Terra;Química - Memória da área
Ciências Físicas, Tecnológicas e Multidisciplinares;Engenharias;Engenharias I
Ciências Físicas, Tecnológicas e Multidisciplinares;Engenharias;Engenharias II
Ciências Físicas, Tecnológicas e Multidisciplinares;Engenharias;Engenharias III
Ciências Físicas, Tecnológicas e Multidisciplinares;Engenharias;Engenharias IV
Ciências Físicas, Tecnológicas e Multidisciplinares;Engenharias;Engenharias I - Memória da área
Ciências Físicas, Tecnológicas e Multidisciplinares;Engenharias;Engenharias II - Memória da área
Ciências Físicas, Tecnológicas e Multidisciplinares;Engenharias;Engenharias III - Memória da área
Ciências Físicas, Tecnológicas e Multidisciplinares;Engenharias;Engenharias IV - Memória da área
Ciências Físicas, Tecnológicas e Multidisciplinares;Multidisciplinar;Biotecnologia
Ciências Físicas, Tecnológicas e Multidisciplinares;Multidisciplinar;Ciências Ambientais
Ciências Físicas, Tecnológicas e Multidisciplinares;Multidisciplinar;Ensino
Ciências Físicas, Tecnológicas e Multidisciplinares;Multidisciplinar;Interdisciplinar
Ciências Físicas, Tecnológicas e Multidisciplinares;Multidisciplinar;Materiais 
Ciências Físicas, Tecnológicas e Multidisciplinares;Multidisciplinar;Biotecnologia - Memória da área
Ciências Físicas, Tecnológicas e Multidisciplinares;Multidisciplinar;Ciências Ambientais - Memória da área
Ciências Físicas, Tecnológicas e Multidisciplinares;Multidisciplinar;Ensino - Memória da área
Ciências Físicas, Tecnológicas e Multidisciplinares;Multidisciplinar;Interdisciplinar - Memória da área
Ciências Físicas, Tecnológicas e Multidisciplinares;Multidisciplinar;Materiais - Memória da área